№ п/п,Наименование / ФИО,Тип субъекта,Категория,ОГРН,ИНН,Основной вид деятельности,Регион,Район,Город,Населенный пункт,Вновь созданный,Дата включения в реестр,Дата исключения из реестра,Телефон,E-mail,WWW,Наличие лицензий,"Наличие заключенных договоров, контрактов","Производство инновационной, высокотехнологичной продукции",Участие в программах партнерства,Является социальным предприятием,Среднесписочная численность работников за предшествующий календарный год
210036,"ОБЩЕСТВО С ОГРАНИЧЕННОЙ ОТВЕТСТВЕННОСТЬЮ ""ГУД ВУД""",Юридическое лицо,Малое предприятие,1055009337460,5047068564,41.20 Строительство жилых и нежилых зданий,50 - Московская область,,г Химки,,Нет,01.08.2016,,,,,Нет,Нет,Нет,Нет,Нет,57.0
240848,"ОБЩЕСТВО С ОГРАНИЧЕННОЙ ОТВЕТСТВЕННОСТЬЮ ""ИСП-ГРУПП""",Юридическое лицо,Малое предприятие,1177746141682,9729057611,41.20 Строительство жилых и нежилых зданий,77 - г.Москва,,,,Нет,10.03.2017,,,,,Нет,Нет,Нет,Нет,Нет,9.0
129404,"ОБЩЕСТВО С ОГРАНИЧЕННОЙ ОТВЕТСТВЕННОСТЬЮ  ""АВТОТЕСТ-СЕРВИС""",Юридическое лицо,Малое предприятие,1034316551972,4346054367,41.20 Строительство жилых и нежилых зданий,43 - Кировская область,,г Киров,,Нет,01.08.2016,,,,,Нет,Нет,Нет,Нет,Нет,3.0
465930,"ОБЩЕСТВО С ОГРАНИЧЕННОЙ ОТВЕТСТВЕННОСТЬЮ ""ТОМСКЭЛЕКТРОСЕТЬСЕРВИС""",Юридическое лицо,Малое предприятие,1067017105253,7017142045,41.20 Строительство жилых и нежилых зданий,70 - Томская область,,г Томск,,Нет,01.08.2016,,,,,Нет,Нет,Нет,Нет,Нет,18.0
457371,"ОБЩЕСТВО С ОГРАНИЧЕННОЙ ОТВЕТСТВЕННОСТЬЮ ""ТЕПЛОДОМ136""",Юридическое лицо,Малое предприятие,1133668011510,3665092720,41.20 Строительство жилых и нежилых зданий,36 - Воронежская область,,г Воронеж,,Нет,01.08.2016,,,,,Нет,Нет,Нет,Нет,Нет,33.0
152602,"ОБЩЕСТВО С ОГРАНИЧЕННОЙ ОТВЕТСТВЕННОСТЬЮ ""АЛЮР""",Юридическое лицо,Малое предприятие,1089847150865,7813411472,41.20 Строительство жилых и нежилых зданий,78 - г.Санкт-Петербург,,,,Нет,01.08.2016,,,,,Нет,Нет,Нет,Нет,Нет,2.0
410022,"ОБЩЕСТВО С ОГРАНИЧЕННОЙ ОТВЕТСТВЕННОСТЬЮ ""СТРОИТЕЛЬНАЯ КОМПАНИЯ ТЕРРА""",Юридическое лицо,Малое предприятие,1177154028347,7130032479,41.20 Строительство жилых и нежилых зданий,71 - Тульская область,Ленинский р-н,,п Ильинка,Нет,10.01.2018,,,,,Да,Нет,Нет,Нет,Нет,6.0
198702,"ОБЩЕСТВО С ОГРАНИЧЕННОЙ ОТВЕТСТВЕННОСТЬЮ ""ГЕОПРОФИЛЬ""",Юридическое лицо,Малое предприятие,1067746316967,7715593263,41.20 Строительство жилых и нежилых зданий,77 - г.Москва,,,,Нет,01.08.2016,,,,,Нет,Нет,Нет,Нет,Нет,18.0
505853,"ОБЩЕСТВО С ОГРАНИЧЕННОЙ ОТВЕТСТВЕННОСТЬЮ ""ЮГЭЛИТАСТРОЙ""",Юридическое лицо,Малое предприятие,1136165011036,6165186037,41.20 Строительство жилых и нежилых зданий,61 - Ростовская область,,г Ростов-на-Дону,,Нет,01.08.2016,,,,,Нет,Нет,Нет,Нет,Нет,8.0
354205,"ОБЩЕСТВО С ОГРАНИЧЕННОЙ ОТВЕТСТВЕННОСТЬЮ ""РУСБРОКТРАНС""",Юридическое лицо,Малое предприятие,1037739712878,7727128609,41.20 Строительство жилых и нежилых зданий,77 - г.Москва,,,,Нет,10.08.2017,,,,,Нет,Нет,Нет,Нет,Нет,17.0
325435,"ОБЩЕСТВО С ОГРАНИЧЕННОЙ ОТВЕТСТВЕННОСТЬЮ ""ПРОЕКТИНВЕСТСТРОЙ""",Юридическое лицо,Малое предприятие,1047796149521,7720504621,41.20 Строительство жилых и нежилых зданий,50 - Московская область,,г Долгопрудный,,Нет,01.08.2016,,,,,Да,Нет,Нет,Нет,Нет,22.0
5283,"АКЦИОНЕРНОЕ ОБЩЕСТВО ""ПРОКОНС""",Юридическое лицо,Малое предприятие,1037715032827,7715278180,41.20 Строительство жилых и нежилых зданий,77 - г.Москва,,,,Нет,10.07.2022,,,,,Да,Нет,Нет,Нет,Нет,
325446,"ОБЩЕСТВО С ОГРАНИЧЕННОЙ ОТВЕТСТВЕННОСТЬЮ ""ПРОЕКТИНЖГЕО""",Юридическое лицо,Малое предприятие,1077759935637,7713631058,41.20 Строительство жилых и нежилых зданий,77 - г.Москва,,,,Нет,10.07.2022,,,,,Нет,Нет,Нет,Нет,Нет,0.0
190739,"ОБЩЕСТВО С ОГРАНИЧЕННОЙ ОТВЕТСТВЕННОСТЬЮ ""ВОЛОГДАСТРОЙ""",Юридическое лицо,Малое предприятие,1143525002851,3525319233,41.20 Строительство жилых и нежилых зданий,35 - Вологодская область,,г Вологда,,Нет,01.08.2016,,,,,Нет,Нет,Нет,Нет,Нет,20.0
414583,"ОБЩЕСТВО С ОГРАНИЧЕННОЙ ОТВЕТСТВЕННОСТЬЮ ""СТРОИТЕЛЬНОЕ УПРАВЛЕНИЕ № 9""",Юридическое лицо,Малое предприятие,1180280039356,275915355,41.20 Строительство жилых и нежилых зданий,02 - Республика Башкортостан,,г Уфа,,Нет,10.08.2018,,,,,Нет,Нет,Нет,Нет,Нет,65.0
274771,"ОБЩЕСТВО С ОГРАНИЧЕННОЙ ОТВЕТСТВЕННОСТЬЮ ""МАЛОПУРГИНСКИЙ""",Юридическое лицо,Малое предприятие,1021800644590,1816004227,41.20 Строительство жилых и нежилых зданий,18 - Удмуртская Республика,Малопургинский р-н,,починок Постольский,Нет,01.08.2016,,,,,Да,Нет,Нет,Нет,Нет,1.0
372189,"ОБЩЕСТВО С ОГРАНИЧЕННОЙ ОТВЕТСТВЕННОСТЬЮ ""СК БАЗИС""",Юридическое лицо,Малое предприятие,1167847215920,7804566840,41.20 Строительство жилых и нежилых зданий,78 - г.Санкт-Петербург,,,,Нет,01.08.2016,,,,,Да,Нет,Нет,Нет,Нет,3.0
384960,"ОБЩЕСТВО С ОГРАНИЧЕННОЙ ОТВЕТСТВЕННОСТЬЮ ""СОЮЗ СТРОЙ""",Юридическое лицо,Малое предприятие,1161690057540,1609036742,41.20 Строительство жилых и нежилых зданий,16 - Республика Татарстан (Татарстан),Арский р-н,г Арск,,Нет,01.08.2016,,,,,Нет,Нет,Нет,Нет,Нет,43.0
324682,"ОБЩЕСТВО С ОГРАНИЧЕННОЙ ОТВЕТСТВЕННОСТЬЮ ""ПРОГРЕСССТРОЙГРУПП""",Юридическое лицо,Малое предприятие,1115476049633,5405433883,41.20 Строительство жилых и нежилых зданий,54 - Новосибирская область,,г Новосибирск,,Нет,10.08.2018,,,,,Нет,Нет,Нет,Нет,Нет,12.0
429357,"ОБЩЕСТВО С ОГРАНИЧЕННОЙ ОТВЕТСТВЕННОСТЬЮ ""СТРОЙИМПЕКС""",Юридическое лицо,Среднее предприятие,1171690115772,1658204132,41.20 Строительство жилых и нежилых зданий,16 - Республика Татарстан (Татарстан),,г Казань,,Нет,10.12.2017,,,,,Нет,Нет,Нет,Нет,Нет,63.0
363918,"ОБЩЕСТВО С ОГРАНИЧЕННОЙ ОТВЕТСТВЕННОСТЬЮ ""СЕРВИС-ЭНЕРГО""",Юридическое лицо,Малое предприятие,1088604000484,8604042801,41.20 Строительство жилых и нежилых зданий,86 - Ханты-Мансийский автономный округ - Югра,,г Нефтеюганск,,Нет,01.08.2016,,,,,Нет,Нет,Нет,Нет,Нет,39.0
455934,"ОБЩЕСТВО С ОГРАНИЧЕННОЙ ОТВЕТСТВЕННОСТЬЮ ""ТВК-СЕРВИС""",Юридическое лицо,Малое предприятие,1127452006263,7452105731,41.20 Строительство жилых и нежилых зданий,74 - Челябинская область,,г Челябинск,,Нет,01.08.2016,,,,,Нет,Нет,Нет,Нет,Нет,1.0
65761,"ЗАКРЫТОЕ АКЦИОНЕРНОЕ ОБЩЕСТВО ""УПРАВЛЕНИЕ МЕХАНИЗАЦИИ №67""",Юридическое лицо,Среднее предприятие,1027801571885,7802031020,41.20 Строительство жилых и нежилых зданий,78 - г.Санкт-Петербург,,,,Нет,10.08.2017,,,,,Да,Нет,Нет,Нет,Нет,104.0
168226,"ОБЩЕСТВО С ОГРАНИЧЕННОЙ ОТВЕТСТВЕННОСТЬЮ ""БАЗИС""",Юридическое лицо,Малое предприятие,1195275028706,5258145497,41.20 Строительство жилых и нежилых зданий,52 - Нижегородская область,,г Нижний Новгород,,Нет,10.06.2019,,,,,Нет,Нет,Нет,Нет,Нет,4.0
299303,"ОБЩЕСТВО С ОГРАНИЧЕННОЙ ОТВЕТСТВЕННОСТЬЮ ""НОВАТОР""",Юридическое лицо,Малое предприятие,1205900008808,5904381599,41.20 Строительство жилых и нежилых зданий,59 - Пермский край,,г Пермь,,Нет,10.04.2020,,,,,Нет,Нет,Нет,Нет,Нет,3.0
346523,"ОБЩЕСТВО С ОГРАНИЧЕННОЙ ОТВЕТСТВЕННОСТЬЮ ""РЕМСТРОЙСЕРВИС""",Юридическое лицо,Малое предприятие,1135476165813,5410781244,41.20 Строительство жилых и нежилых зданий,54 - Новосибирская область,,г Новосибирск,,Нет,01.08.2016,,,,,Да,Нет,Нет,Нет,Нет,68.0
500883,"ОБЩЕСТВО С ОГРАНИЧЕННОЙ ОТВЕТСТВЕННОСТЬЮ ""ЭНЕРГОСЕРВИС""",Юридическое лицо,Малое предприятие,1021606155757,1616004646,41.20 Строительство жилых и нежилых зданий,16 - Республика Татарстан (Татарстан),Арский р-н,г Арск,,Нет,01.08.2016,,,,,Нет,Нет,Нет,Нет,Нет,17.0
5628,"АКЦИОНЕРНОЕ ОБЩЕСТВО ""СТРОЙСПЕЦКОМПЛЕКТРЕСУРС""",Юридическое лицо,Малое предприятие,1027700580049,7728245263,41.20 Строительство жилых и нежилых зданий,77 - г.Москва,,,,Нет,10.08.2017,,,,,Да,Нет,Нет,Нет,Нет,5.0
299807,"ОБЩЕСТВО С ОГРАНИЧЕННОЙ ОТВЕТСТВЕННОСТЬЮ ""НОВО-СТРОЙ""",Юридическое лицо,Малое предприятие,1120917001204,917020294,41.20 Строительство жилых и нежилых зданий,09 - Карачаево-Черкесская Республика,,г Черкесск,,Нет,01.08.2016,,,,,Нет,Нет,Нет,Нет,Нет,17.0
414845,"ОБЩЕСТВО С ОГРАНИЧЕННОЙ ОТВЕТСТВЕННОСТЬЮ ""СТРОИТЕЛЬНОЕ УПРАВЛЕНИЕ-52""",Юридическое лицо,Среднее предприятие,1037843016859,7825697459,41.20 Строительство жилых и нежилых зданий,78 - г.Санкт-Петербург,,,,Нет,10.07.2023,,,,,Да,Нет,Нет,Нет,Нет,205.0
524577,"ОБЩЕСТВО С ОГРАНИЧЕННОЙ ОТВЕТСТВЕННОСТЬЮ ФИРМА ""СКАТ""",Юридическое лицо,Малое предприятие,1035402448850,5406243684,41.20 Строительство жилых и нежилых зданий,54 - Новосибирская область,,г Новосибирск,,Нет,01.08.2016,,,,,Нет,Нет,Нет,Нет,Нет,20.0
457310,"ОБЩЕСТВО С ОГРАНИЧЕННОЙ ОТВЕТСТВЕННОСТЬЮ ""ТЕПЛОГАЗСЕРВИС""",Юридическое лицо,Малое предприятие,1167325063146,7327078738,41.20 Строительство жилых и нежилых зданий,73 - Ульяновская область,,г Ульяновск,,Нет,01.08.2016,,,,,Нет,Нет,Нет,Нет,Нет,37.0
397270,"ОБЩЕСТВО С ОГРАНИЧЕННОЙ ОТВЕТСТВЕННОСТЬЮ ""СТАНДАРТСТРОЙ""",Юридическое лицо,Малое предприятие,1183525023770,3525426884,41.20 Строительство жилых и нежилых зданий,35 - Вологодская область,,г Вологда,,Нет,10.07.2018,,,,,Нет,Нет,Нет,Нет,Нет,24.0
407993,"ОБЩЕСТВО С ОГРАНИЧЕННОЙ ОТВЕТСТВЕННОСТЬЮ ""СТРОИТЕЛЬНАЯ КОМПАНИЯ ГРАД""",Юридическое лицо,Малое предприятие,1176313089897,6315020668,41.20 Строительство жилых и нежилых зданий,63 - Самарская область,,г Самара,,Нет,10.11.2017,,,,,Нет,Нет,Нет,Нет,Нет,16.0
413918,"ОБЩЕСТВО С ОГРАНИЧЕННОЙ ОТВЕТСТВЕННОСТЬЮ ""СТРОИТЕЛЬНО-ФИНАНСОВАЯ КОМПАНИЯ СУРГУТГАЗСТРОЙ""",Юридическое лицо,Малое предприятие,1028600580788,8602105076,41.20 Строительство жилых и нежилых зданий,86 - Ханты-Мансийский автономный округ - Югра,,г Сургут,,Нет,01.08.2016,,,,,Нет,Нет,Нет,Нет,Нет,8.0
445886,"ОБЩЕСТВО С ОГРАНИЧЕННОЙ ОТВЕТСТВЕННОСТЬЮ ""СТРОЙСПЕКТР""",Юридическое лицо,Малое предприятие,1186313005592,6324088609,41.20 Строительство жилых и нежилых зданий,63 - Самарская область,,г Тольятти,,Нет,10.02.2018,,,,,Нет,Нет,Нет,Нет,Нет,17.0
395246,"ОБЩЕСТВО С ОГРАНИЧЕННОЙ ОТВЕТСТВЕННОСТЬЮ ""СПС""",Юридическое лицо,Малое предприятие,1105476099332,5404427622,41.20 Строительство жилых и нежилых зданий,54 - Новосибирская область,,г Новосибирск,,Нет,01.08.2016,,,,,Нет,Нет,Нет,Нет,Нет,26.0
522844,"ОБЩЕСТВО С ОГРАНИЧЕННОЙ ОТВЕТСТВЕННОСТЬЮ СТРОИТЕЛЬНО-МОНТАЖНЫЙ КОМПЛЕКС ""КАРКАС""",Юридическое лицо,Малое предприятие,1060277051966,277077194,41.20 Строительство жилых и нежилых зданий,02 - Республика Башкортостан,,г Уфа,,Нет,01.08.2016,,,,,Да,Нет,Нет,Нет,Нет,28.0
396462,"ОБЩЕСТВО С ОГРАНИЧЕННОЙ ОТВЕТСТВЕННОСТЬЮ ""СТАЛЬСИСТЕМА""",Юридическое лицо,Малое предприятие,1167746614309,7724371147,41.20 Строительство жилых и нежилых зданий,77 - г.Москва,,,,Нет,10.08.2019,,8(495)1059108,office@stsist.ru,stsist.ru,Да,Нет,Нет,Нет,Нет,39.0
267105,"ОБЩЕСТВО С ОГРАНИЧЕННОЙ ОТВЕТСТВЕННОСТЬЮ ""ЛЕСНЫЕ МАШИНЫ""",Юридическое лицо,Малое предприятие,1142468001697,2465305721,41.20 Строительство жилых и нежилых зданий,24 - Красноярский край,,г Красноярск,,Нет,01.08.2016,,,,,Нет,Нет,Нет,Нет,Нет,54.0
260096,"ОБЩЕСТВО С ОГРАНИЧЕННОЙ ОТВЕТСТВЕННОСТЬЮ ""КРЕПСТРОЙ""",Юридическое лицо,Малое предприятие,1101435005484,1435229373,41.20 Строительство жилых и нежилых зданий,14 - Республика Саха (Якутия),,г Якутск,,Нет,01.08.2016,,,,,Да,Нет,Нет,Нет,Нет,21.0
5929,"АКЦИОНЕРНОЕ ОБЩЕСТВО СТРОИТЕЛЬНАЯ ФИРМА ""ТВЕРЬАГРОСТРОЙ""",Юридическое лицо,Малое предприятие,1026900517214,6905008053,41.20 Строительство жилых и нежилых зданий,69 - Тверская область,,г Тверь,,Нет,10.08.2017,,,,,Да,Нет,Нет,Нет,Нет,16.0
254860,"ОБЩЕСТВО С ОГРАНИЧЕННОЙ ОТВЕТСТВЕННОСТЬЮ ""КОМФОРТСЕРВИС""",Юридическое лицо,Малое предприятие,1136684006007,6684011288,41.20 Строительство жилых и нежилых зданий,66 - Свердловская область,,г Первоуральск,,Нет,01.08.2016,,,,,Нет,Нет,Нет,Нет,Нет,59.0
182728,"ОБЩЕСТВО С ОГРАНИЧЕННОЙ ОТВЕТСТВЕННОСТЬЮ ""ВЕЛЕС""",Юридическое лицо,Малое предприятие,1044100642740,4101094997,41.20 Строительство жилых и нежилых зданий,41 - Камчатский край,,г Петропавловск-Камчатский,,Нет,01.08.2016,,,,,Да,Нет,Нет,Нет,Нет,19.0
180292,"ОБЩЕСТВО С ОГРАНИЧЕННОЙ ОТВЕТСТВЕННОСТЬЮ ""ВЕГА ГРУПП РЕГИОН""",Юридическое лицо,Малое предприятие,1086311007090,6311110198,41.20 Строительство жилых и нежилых зданий,63 - Самарская область,,г Самара,,Нет,01.08.2016,,,,,Да,Нет,Нет,Нет,Нет,30.0
504793,"ОБЩЕСТВО С ОГРАНИЧЕННОЙ ОТВЕТСТВЕННОСТЬЮ ""ЮГЕВРОСТРОЙ""",Юридическое лицо,Малое предприятие,1180917000439,917034120,41.20 Строительство жилых и нежилых зданий,09 - Карачаево-Черкесская Республика,,г Черкесск,,Нет,10.03.2018,,,,,Нет,Нет,Нет,Нет,Нет,8.0
247005,"ОБЩЕСТВО С ОГРАНИЧЕННОЙ ОТВЕТСТВЕННОСТЬЮ ""КАСКАДТРАНССТРОЙ""",Юридическое лицо,Малое предприятие,1177746536373,9729089518,41.20 Строительство жилых и нежилых зданий,77 - г.Москва,,,,Нет,10.06.2017,,,,,Да,Нет,Нет,Нет,Нет,54.0
524417,"ОБЩЕСТВО С ОГРАНИЧЕННОЙ ОТВЕТСТВЕННОСТЬЮ ФИРМА ""ГЕФЕСТ-ЛТД""",Юридическое лицо,Малое предприятие,1027700163567,7733009889,41.20 Строительство жилых и нежилых зданий,77 - г.Москва,,,,Нет,01.08.2016,,,,,Нет,Нет,Нет,Нет,Нет,4.0
255889,"ОБЩЕСТВО С ОГРАНИЧЕННОЙ ОТВЕТСТВЕННОСТЬЮ ""КОНСТРУКТИВ""",Юридическое лицо,Малое предприятие,1147017002758,7017347525,41.20 Строительство жилых и нежилых зданий,70 - Томская область,,г Томск,,Нет,01.08.2016,,,,,Нет,Нет,Нет,Нет,Нет,63.0
444482,"ОБЩЕСТВО С ОГРАНИЧЕННОЙ ОТВЕТСТВЕННОСТЬЮ ""СТРОЙСЕРВИС""",Юридическое лицо,Малое предприятие,1022603024828,2623015143,41.20 Строительство жилых и нежилых зданий,26 - Ставропольский край,Шпаковский р-н,,с Верхнерусское,Нет,01.08.2016,,,,,Нет,Нет,Нет,Нет,Нет,26.0
